{
  "model": "Manufacturing Failure (XGBoost)",
  "dataset": "AI4I 2020 Predictive Maintenance (Synthetic)",
  "accuracy": 0.8965,
  "f1_macro": 0.6156,
  "f1_weighted": 0.8935,
  "train_samples": 8000,
  "test_samples": 2000,
  "n_classes": 6,
  "classes": [
    "Heat Dissipation Failure",
    "No Failure",
    "Overstrain Failure",
    "Power Failure",
    "Random Failure",
    "Tool Wear Failure"
  ],
  "confusion_matrix": [
    [
      13,
      13,
      0,
      1,
      0
    ],
    [
      3,
      1504,
      0,
      3,
      72
    ],
    [
      0,
      1,
      1,
      0,
      9
    ],
    [
      0,
      12,
      0,
      201,
      5
    ],
    [
      2,
      77,
      0,
      9,
      74
    ]
  ],
  "classification_report": {
    "Heat Dissipation Failure": {
      "precision": 0.7222222222222222,
      "recall": 0.48148148148148145,
      "f1-score": 0.5777777777777777,
      "support": 27.0
    },
    "No Failure": {
      "precision": 0.9359054138145613,
      "recall": 0.9506953223767383,
      "f1-score": 0.9432423957353402,
      "support": 1582.0
    },
    "Overstrain Failure": {
      "precision": 1.0,
      "recall": 0.09090909090909091,
      "f1-score": 0.16666666666666666,
      "support": 11.0
    },
    "Power Failure": {
      "precision": 0.9392523364485982,
      "recall": 0.9220183486238532,
      "f1-score": 0.9305555555555556,
      "support": 218.0
    },
    "Tool Wear Failure": {
      "precision": 0.4625,
      "recall": 0.4567901234567901,
      "f1-score": 0.45962732919254656,
      "support": 162.0
    }
  }
}